id,name,description
1,Alice Johnson,Data scientist with 5 years experience in machine learning
2,Bob Smith,Machine learning engineer specializing in deep learning
3,Charlie Brown,AI researcher focusing on natural language processing
4,Diana Prince,Software engineer with expertise in computer vision
5,Edward Norton,Data analyst and visualization expert
6,Fiona Gallagher,Computer vision specialist with robotics background
7,George Washington,Full stack developer with cloud architecture skills
8,Hannah Montana,Product manager with technical background in AI
9,Ian McKellen,DevOps engineer with containerization expertise
10,Jane Doe,UX researcher with data science and analytics skills
11,John Smith,Backend developer specializing in microservices
12,Kate Winslet,Frontend developer with React and Vue.js expertise
13,Liam Neeson,Database administrator with PostgreSQL and MongoDB
14,Mary Poppins,QA engineer with automation testing experience
15,Nick Fury,Security engineer with cybersecurity background
16,Olivia Newton,Data engineer with ETL pipeline expertise
17,Peter Parker,Web developer with full-stack capabilities
18,Quentin Tarantino,Creative director with digital marketing skills
19,Rachel Green,Marketing analyst with data-driven insights
20,Steve Rogers,Project manager with agile methodology expertise
21,Tony Stark,Systems architect with enterprise solution design
22,Ultron,Artificial intelligence specialist with neural networks
23,Venom,Network engineer with infrastructure management
24,Wanda Maximoff,UI/UX designer with user research skills
25,Xavier Charles,Business analyst with process optimization
26,Yoda Master,Senior consultant with strategic planning
27,Zelda Princess,Game developer with Unity and Unreal Engine
28,Adam Sandler,Comedian turned data storyteller
29,Bruce Wayne,Entrepreneur with business intelligence focus
30,Clark Kent,Journalist with investigative data skills
31,Dorothy Gale,Travel blogger with location analytics
32,Einstein Albert,Theoretical physicist with mathematical modeling
33,Frank Sinatra,Musician with audio signal processing
34,Gandalf Grey,Wizard with magical algorithm development
35,Hermione Granger,Academic researcher with library science
36,Indiana Jones,Archaeologist with historical data analysis
37,James Bond,Secret agent with covert data operations
38,Katniss Everdeen,Survival expert with environmental data
39,Luke Skywalker,Jedi knight with force-based analytics
40,Mickey Mouse,Entertainment executive with brand analytics
41,Nemo Fish,Marine biologist with oceanographic data
42,Obi-Wan Kenobi,Jedi master with wisdom-based insights
43,Pocahontas,Environmental activist with sustainability data
44,Queen Elizabeth,Monarch with royal data management
45,Robin Hood,Social justice advocate with wealth distribution data
46,Sherlock Holmes,Detective with forensic data analysis
47,Spider-Man,Superhero with web-based data crawling
48,Thor Odinson,God of thunder with weather data analysis
49,Usain Bolt,Sports analyst with athletic performance data
50,Wonder Woman,Warrior with battle strategy analytics 